{"n_files": 136, "grid": [[0.0017874330214667957, 0.003106165064834543, 0.003447871846540219, 0.004436115414895017, 0.006715528536576707, 0.003252306197260074, 0.0024866556085712723, 0.0018901176996912767], [0.002702512026485774, 0.005788790367492323, 0.004877271528661526, 0.0038414741792183985, 0.0040953736473283335, 0.0037467648320194864, 0.0032072231826545754, 0.002572001831809564], [0.0033314596001829243, 0.003747387620975988, 0.00418076516835704, 0.004157459360264038, 0.004185631931168768, 0.004080640982598501, 0.0037895279122620654, 0.0030445279955729596], [0.004271359178359974, 0.004426173848779254, 0.004771927759094243, 0.004865678025174625, 0.004676222968472982, 0.004663766271914448, 0.0044056600256812415, 0.00392444624427723], [0.005167302950682815, 0.005595475215125045, 0.0058419920911128905, 0.0057396918352321455, 0.005455198880673936, 0.00575397369617517, 0.005404258058260369, 0.00492457178100522], [0.0061207576677465925, 0.00669442922914671, 0.0073193292823110516, 0.0071981875289409015, 0.0070632360154824925, 0.006926762644528966, 0.006545095676650473, 0.005692374218756594], [0.007723819526528418, 0.008530854813829898, 0.009248160063623678, 0.008780543883296608, 0.008292938796777394, 0.009377907143352092, 0.008431651417121397, 0.007472431979786653], [0.009810533339737583, 0.010868675866392787, 0.011949345941310079, 0.011560309130980571, 0.012082057530041648, 0.011345625786544938, 0.010647438335256552, 0.009466844791037089], [0.014090709387510572, 0.014965704354624462, 0.014785374913849564, 0.015267848333843505, 0.015382636638843837, 0.017341286585200368, 0.01581689591735194, 0.01297566323494556], [0.016229076532707703, 0.0179441074526578, 0.018167619880729263, 0.045446555985646446, 0.037993165179620515, 0.03034211245558308, 0.017781837343143838, 0.016583650473957788], [0.018838785010102624, 0.02370814106155549, 0.03726830899564587, 0.07774392692550938, 0.12502926717477922, 0.04452953397764546, 0.019578294454463623, 0.021811677817717305], [0.032751857377631866, 0.024663274784816634, 0.04046876652350991, 0.21663735659692102, 0.19784005661245685, 0.04117817142819744, 0.027423353434941598, 0.035111078710436575]]}