{
  "baseline": {
    "cross_completion": {
      "cv": {
        "auc": 0.7549904175865633,
        "pr_auc": 0.439139177010415,
        "log_loss": 0.5180796205997467,
        "brier": 0.18223582804203034,
        "sd_auc": 0.018601000265659556
      },
      "cv_folds": {
        "auc": [
          0.754289493343784,
          0.7411676646706586,
          0.7412224686876834,
          0.790915369625811,
          0.7473570916048793
        ],
        "pr_auc": [
          0.3980827182812766,
          0.47520049594013625,
          0.4267752913735341,
          0.4497503291940913,
          0.44588705026303666
        ],
        "log_loss": [
          0.49570736289024353,
          0.5446859002113342,
          0.5297143459320068,
          0.5102196335792542,
          0.5100708603858948
        ],
        "brier": [
          0.17381007969379425,
          0.1910393238067627,
          0.18680182099342346,
          0.1784367710351944,
          0.18109114468097687
        ]
      },
      "positive_rate": 0.21284916201117318
    },
    "cross_chance_creation": {
      "cv": {
        "auc": 0.7407372439399067,
        "pr_auc": 0.2466694180853603,
        "log_loss": 0.45377016067504883,
        "brier": 0.153643137216568,
        "sd_auc": 0.0228302834664279
      },
      "cv_folds": {
        "auc": [
          0.7693153751157764,
          0.7347950791347018,
          0.7506866416978777,
          0.7007359472148204,
          0.7481531765363575
        ],
        "pr_auc": [
          0.2906725624400571,
          0.2483880653461489,
          0.2572335369891731,
          0.20215903264977486,
          0.23489389300164748
        ],
        "log_loss": [
          0.4253339171409607,
          0.461556077003479,
          0.4529511332511902,
          0.4712483882904053,
          0.457761287689209
        ],
        "brier": [
          0.14240889251232147,
          0.1576211005449295,
          0.15273034572601318,
          0.15691785514354706,
          0.15853749215602875
        ]
      },
      "positive_rate": 0.11620111731843576
    },
    "cross_goal_contribution": {
      "cv": {
        "auc": 0.6915676378701965,
        "pr_auc": 0.05190516765832054,
        "log_loss": 0.07926861345767974,
        "brier": 0.016167029179632662,
        "sd_auc": 0.06149623310902122
      },
      "cv_folds": {
        "auc": [
          0.7485835694050992,
          0.6014474352463179,
          0.7562470532767562,
          0.6380008093889113,
          0.7135593220338983
        ],
        "pr_auc": [
          0.029555962114573633,
          0.028527971373908063,
          0.022181096308386355,
          0.039081088963255274,
          0.14017971953147934
        ],
        "log_loss": [
          0.08492035418748856,
          0.10957300662994385,
          0.06612252444028854,
          0.07507353276014328,
          0.060653649270534515
        ],
        "brier": [
          0.019885363057255745,
          0.020143259316682816,
          0.013872778043150902,
          0.014481200836598873,
          0.012452544644474983
        ]
      },
      "positive_rate": 0.010335195530726256
    },
    "cross_defended": {
      "cv": {
        "auc": 0.7512683773711014,
        "pr_auc": 0.7048157077973249,
        "log_loss": 0.5760466814041137,
        "brier": 0.2003284215927124,
        "sd_auc": 0.02283154067311093
      },
      "cv_folds": {
        "auc": [
          0.7910000392326101,
          0.7545249041560387,
          0.7216382091431269,
          0.7395883121435172,
          0.7495904221802143
        ],
        "pr_auc": [
          0.7659902433068542,
          0.686666238962444,
          0.7074312887253394,
          0.6563610499627327,
          0.707629718029254
        ],
        "log_loss": [
          0.5360476970672607,
          0.5796827673912048,
          0.607521116733551,
          0.5818497538566589,
          0.5751320719718933
        ],
        "brier": [
          0.1839214563369751,
          0.20049503445625305,
          0.21271474659442902,
          0.2038751244544983,
          0.20063574612140656
        ]
      },
      "positive_rate": 0.4759776536312849
    },
    "cross_delivery_value": {
      "cv": {
        "mae": 0.07207125652881895,
        "r2": 0.068401079144279
      },
      "cv_folds": {
        "mae": [
          0.07220086215938937,
          0.07404748013068116,
          0.07409585983726774,
          0.0682386437510482,
          0.07177343676570828
        ],
        "r2": [
          0.07654276666730786,
          0.080550714086983,
          0.10263037602905212,
          -0.010120736217928528,
          0.09240227515598054
        ]
      }
    },
    "cross_outcome_multiclass": {
      "cv": {
        "accuracy": 0.7866104852747677,
        "macro_f1": 0.3010252727657051
      },
      "cv_folds": {
        "accuracy": [
          0.7955182072829131,
          0.781292984869326,
          0.7545582047685835,
          0.8036465638148668,
          0.7980364656381487
        ],
        "macro_f1": [
          0.30254492058527094,
          0.31425454545454545,
          0.2726303854875283,
          0.32815799839253207,
          0.28753851390864893
        ]
      },
      "classes": [
        "complete_no_shot",
        "incomplete",
        "goal",
        "shot_no_goal"
      ],
      "confusion_matrix": [
        [
          77,
          288,
          0,
          2
        ],
        [
          48,
          2735,
          0,
          14
        ],
        [
          0,
          35,
          0,
          2
        ],
        [
          8,
          367,
          0,
          4
        ]
      ]
    }
  },
  "fix1_calibration": {
    "cross_completion": {
      "before": {
        "auc": 0.7410409087437526,
        "brier": 0.18255445521239935,
        "ece": 0.14559545518252245
      },
      "after": {
        "auc": 0.7399195088193818,
        "brier": 0.147318374628665,
        "ece": 0.024594594822453814
      }
    },
    "cross_chance_creation": {
      "before": {
        "auc": 0.7442684527861518,
        "brier": 0.14551466284395995,
        "ece": 0.15259142560518035
      },
      "after": {
        "auc": 0.7397684588641447,
        "brier": 0.09591049061309521,
        "ece": 0.012344571682474931
      }
    }
  },
  "fix2_hurdle": {
    "baseline": {
      "mae": 0.07207125652881895,
      "r2": 0.068401079144279
    },
    "hurdle_uncalibrated_gate": {
      "mae": 0.10320038234341943,
      "r2": -0.3644880004991189
    },
    "hurdle_calibrated_gate": {
      "mae": 0.06849083483814443,
      "r2": 0.1018356254898275
    }
  },
  "fix3_hierarchical": {
    "flat": {
      "accuracy": 0.7866104852747677,
      "macro_f1": 0.3010252727657051,
      "classes": [
        "complete_no_shot",
        "incomplete",
        "goal",
        "shot_no_goal"
      ],
      "confusion_matrix_recall": [
        [
          0.2098092643051771,
          0.784741144414169,
          0.0,
          0.005449591280653951
        ],
        [
          0.01716124419020379,
          0.9778333929209868,
          0.0,
          0.0050053628888094386
        ],
        [
          0.0,
          0.9459459459459459,
          0.0,
          0.05405405405405406
        ],
        [
          0.021108179419525065,
          0.9683377308707124,
          0.0,
          0.010554089709762533
        ]
      ],
      "goal_recall": 0.0,
      "shot_no_goal_recall": 0.010554089709762533
    },
    "hierarchical": {
      "accuracy": 0.647486033519553,
      "macro_f1": 0.36411789843993236,
      "classes": [
        "incomplete",
        "complete_no_shot",
        "shot_no_goal",
        "goal"
      ],